,data_index,SNR,SISDR,PESQ,Reverberation,DisToNoise
0,1,-1.4003087899988973,13.753043174743652,1.2856297492980957,0.25394383115302493,1.197528466654841
1,10,-8.032465005964012,10.878313064575195,1.4689682722091675,0.4687478299596859,1.2271343319903523
2,100,-3.7404720375886287,10.041726112365723,0.7679306268692017,0.3717586628079824,1.0696456598010555
3,101,-0.5290038374396104,11.247711181640625,0.9021873474121094,0.3478550213617778,1.4909338655362345
4,102,-1.5192886379347446,12.295235633850098,1.225490927696228,0.43177474262262416,1.6700996811707747
5,103,-8.582451051714886,11.142247200012207,0.7306778430938721,0.23066378716210462,1.0500030578172372
6,104,0.6558964828485809,14.525090217590332,1.4864357709884644,0.31071815077087367,1.7250618030803775
7,105,1.5846134763872612,14.063791275024414,1.0062153339385986,0.4562856129836721,1.0230270866429956
8,106,-6.628359669603297,11.031105995178223,0.9540606737136841,0.6020795733806826,1.2236837382720454
9,107,-8.902220575621278,7.296382904052734,0.4580420255661011,0.6958408776304598,1.0232679077828517
10,108,1.6550512614355313,14.78563117980957,1.5570772886276245,0.36327615912901656,1.27109460524923
11,109,-3.6816580247394457,12.847758293151855,1.0576890707015991,0.2746712004328416,1.036530742485083
12,11,4.644063120539855,17.669225692749023,2.093684673309326,0.41070983532461003,1.0394307173995796
13,110,-2.5425172298884817,11.466794967651367,1.3003368377685547,0.2538542058678126,2.410495023049054
14,111,-6.473667575795132,8.413269996643066,0.6779757738113403,0.6230140476737684,1.338140688365769
15,112,-0.29248243119760176,14.291816711425781,1.4550740718841553,0.6122974929611271,1.3776110295855168
16,113,-3.933431355553127,14.554265022277832,1.1960340738296509,0.3180763563856154,1.3769282543443504
17,114,4.289128850139548,12.058127403259277,1.30729079246521,0.43008135107595735,1.2490228655952103
18,115,-2.7445004911709754,15.093193054199219,0.9879697561264038,0.49901031319007494,1.6817401805198733
19,116,3.8165412481758487,18.02642059326172,1.9886720180511475,0.487472162328086,1.316493728439756
20,117,-6.831161786402221,8.715764045715332,0.4460928440093994,0.42750060448187244,1.7045507025307318
21,118,-8.523631818040968,6.581936359405518,0.529350757598877,0.6898970493739485,1.8967523347851052
22,119,-2.4461029962325505,12.658596992492676,0.9922903776168823,0.44479875736202634,1.3071135811232197
23,12,4.456575513775595,19.17400360107422,1.8084222078323364,0.3233163237632617,1.3961307842903654
24,120,-2.9439105566874266,13.850662231445312,0.4434119462966919,0.426548279560127,1.10880291069525
25,121,-3.6435307677569,10.531484603881836,1.046127438545227,0.22491702451941864,1.3984917989480776
26,122,-9.722580826739472,7.982141971588135,0.3157721757888794,0.4859562042458466,1.4836558379549976
27,123,3.329702776090061,16.105636596679688,1.0469533205032349,0.29138709073530245,1.4756778207639742
28,124,2.4200494447507666,13.328680992126465,1.4915858507156372,0.5339744937620088,1.6667829292900944
29,125,1.0061732231682416,15.90530776977539,1.5891815423965454,0.5870148346304584,1.0855191633922987
30,126,2.232029729417903,17.281749725341797,1.9449514150619507,0.43007588635405747,1.0240738761592048
31,127,4.79338305823037,17.06516456604004,1.8417576551437378,0.23990514895908238,1.9150308250402492
32,128,-6.232223780773845,12.541481971740723,1.004038691520691,0.35591415915820723,1.027042370331427
33,129,-2.48316864010845,11.787308692932129,1.0524688959121704,0.408130724619328,1.3252043980368449
34,13,3.668709627446038,16.740966796875,1.8523595333099365,0.4803416917809374,1.8655609160776714
35,130,-8.381915874857803,10.843329429626465,0.3970761299133301,0.4160231214698634,1.337231565985952
36,131,-9.577894049564634,9.04875659942627,0.8660041093826294,0.4307297539040851,1.110188150766745
37,132,4.703082788446697,15.996108055114746,1.366961121559143,0.6925910605308792,1.0432050168008091
38,133,-5.948260602044674,11.847946166992188,0.9604195356369019,0.2044233927594506,1.1723816105331635
39,134,-1.5921016472268121,14.946792602539062,1.2231407165527344,0.22536359747153428,1.384457629338738
40,135,-5.947670112369931,9.800786018371582,0.8568694591522217,0.6963962390050961,1.1934603808681377
41,136,-8.052775310363796,10.047586441040039,0.7681865692138672,0.6367074603658593,1.298310102230106
42,137,-4.966450173715883,9.079522132873535,0.6571389436721802,0.37354487774658873,1.333085459870505
43,138,-8.469150782696433,8.248003959655762,0.5436437129974365,0.2877990131135047,1.2895599593133158
44,139,0.3086131687743805,15.82780933380127,1.23660147190094,0.5404586270300116,1.1598725797393914
45,14,-4.822486695719896,14.550220489501953,-1.8694617748260498,0.27692900719496744,1.350345288164203
46,140,3.8545354392019977,16.475879669189453,1.5511783361434937,0.42318811144389823,1.1389360885730844
47,141,-0.9145793738831962,16.217496871948242,1.4559738636016846,0.6667038144484115,1.0406776777267648
48,142,-9.32745296612208,4.412537097930908,0.24762237071990967,0.31267952690363565,1.068603334866707
49,143,-5.458056254514715,11.34908676147461,0.6043765544891357,0.39897793380983493,1.1873915604528238
50,144,-3.6192977847813754,11.453634262084961,1.1139894723892212,0.6366215084987477,1.0458124640664825
51,145,-7.0202511207263605,12.495097160339355,0.8772984743118286,0.25152056962378716,1.334941175000853
52,146,3.4750266314040203,19.104307174682617,1.8940595388412476,0.34172670256144244,1.556840094933504
53,147,-9.261220059942286,6.755124568939209,0.32250702381134033,0.5946846989011947,1.526991801938319
54,148,-5.7292594621295905,11.927812576293945,0.9646338224411011,0.5950969059585854,1.281893667626111
55,149,-6.1983919034141435,11.685948371887207,0.7434036731719971,0.31997468349470437,1.194236112007107
56,15,-3.1855828261212693,13.034704208374023,1.0109279155731201,0.6654872810124044,1.0051328337361336
57,150,0.8780900695886338,15.830770492553711,1.3901540040969849,0.46193987764703576,1.6924344709165096
58,151,2.1946508693511824,16.49874496459961,1.7307243347167969,0.5095497967538857,1.2863962495002188
59,152,-6.866847013100317,7.479276657104492,0.2586677074432373,0.27867709096285775,1.3863593255543376
60,153,-7.91149135404713,10.502325057983398,0.772095799446106,0.5733566464615871,1.5441540375180247
61,154,-9.669864132010408,8.592765808105469,0.39009082317352295,0.3373419060059707,1.2730894932782053
62,155,-3.2609265238389824,12.689262390136719,1.0819724798202515,0.5344055992916062,1.243608456643272
63,156,1.908929574698238,15.86966609954834,1.510367512702942,0.5296153465988993,1.2897770066222873
64,157,-1.3071554400197165,11.559843063354492,0.9026703834533691,0.3537046649599396,1.0065760816776907
65,158,0.4758296738006731,15.149104118347168,1.3975721597671509,0.5901728365449852,1.1071588788326958
66,159,-8.815672570721919,12.505753517150879,1.3936587572097778,0.2504485361487856,1.1919444671348802
67,16,-2.513784590467324,8.038875579833984,0.8406000137329102,0.32355713910718964,1.052613786133871
68,160,-3.0235578140983392,12.862207412719727,1.2681652307510376,0.6866930892209224,1.3305137361913737
69,161,-0.40390126371542934,15.862728118896484,1.692032814025879,0.6139344797933732,1.8079789529977055
70,162,-0.2942277397509194,14.501015663146973,1.4586524963378906,0.34888317490938636,1.2529123985151627
71,163,-0.5535317142906209,14.51278305053711,1.3819918632507324,0.6154505173525188,1.0096026844777004
72,164,-3.086463793780874,11.970067977905273,0.8510377407073975,0.39527402415246393,1.4317885308823526
73,165,-8.888822917882003,7.7401442527771,0.5505994558334351,0.5926434468784585,1.310825685746502
74,166,-1.9760406583463155,13.26922607421875,1.0317111015319824,0.5955677468116707,1.0223818369909436
75,167,-6.845943315085187,9.660600662231445,0.9611005783081055,0.6093558091678495,1.1058955435429032
76,168,-2.279131270467232,15.60630989074707,1.4927059412002563,0.6698168925739425,1.1703504157348068
77,169,-9.271261839311517,11.278587341308594,0.6604315042495728,0.2694994369560864,1.386358202236916
78,17,-9.108172593013228,11.050060272216797,0.7672178745269775,0.4121266432934242,1.4583643505629578
79,170,2.374865640355445,16.40645980834961,1.1902573108673096,0.43012563360855627,1.3227398686809027
80,171,-9.715364898451696,11.157020568847656,-0.9686806201934814,0.3642599548754387,1.353946245301371
81,172,-9.67084457233617,9.538440704345703,0.7600332498550415,0.22300568382091224,1.165050837071444
82,173,-5.967209377689596,10.761300086975098,0.8130514621734619,0.28478534660492694,1.2340446776210658
83,174,0.7454922208937802,13.451688766479492,1.1498134136199951,0.22481106921334287,1.1610175627644572
84,175,-4.549602941240175,11.02788257598877,1.0833183526992798,0.6835043487147318,1.2912137414394051
85,176,-6.8072666206046195,10.21646499633789,0.8924456834793091,0.3723242383779036,1.001018160938668
86,177,-1.8779414865381927,13.137866973876953,1.0329793691635132,0.25361610323193196,1.612808757082007
87,178,2.790495574940385,16.16689682006836,2.093355894088745,0.6990460304312582,1.2596340014005598
88,179,0.9836281156364084,15.369961738586426,0.9314911365509033,0.2855556952160135,1.3057830532679175
89,18,-7.061990972435415,6.647493362426758,0.4240971803665161,0.4247673904207132,1.2893409872504797
90,180,3.4754611518167344,16.910634994506836,1.5054062604904175,0.2773347918714295,1.5062810500932051
91,181,-3.631748861815179,11.429676055908203,0.834557294845581,0.36008957773016403,1.1730288642481514
92,182,-8.102008015849119,12.039045333862305,0.26497650146484375,0.37373114794154993,1.3694959696641897
93,183,-0.9718239087878082,14.535013198852539,1.2354607582092285,0.5386874195351954,1.0164805247389674
94,184,1.819066469833805,16.01870346069336,1.3670631647109985,0.6955207214843075,1.1606485559370956
95,185,-5.934597706146518,9.93441390991211,0.40863215923309326,0.43722488333685194,1.1097474787046746
96,186,0.698933318499618,13.764891624450684,1.35116446018219,0.430985420312994,1.2124675536783902
97,187,-1.2029882189632435,13.935420989990234,1.3969838619232178,0.4417453272479107,1.381978871638557
98,188,-6.523794420881763,11.576336860656738,0.6122279167175293,0.3074739461820121,1.0883146006479005
99,189,3.731186109293935,18.352901458740234,1.7777636051177979,0.6279502469196853,1.1037473762707697
100,19,-1.9107390085893314,5.758842945098877,-0.8696550130844116,0.662858841938034,1.399167622302197
101,190,-3.7400574502243575,10.957100868225098,0.9003299474716187,0.5567296858302564,1.1347193427919784
102,191,1.995682840036583,18.062397003173828,1.6806758642196655,0.5855827393544707,1.0075520288136284
103,192,-9.450077332396285,8.750543594360352,0.4998955726623535,0.40063652614424783,1.0352603319727534
104,193,-5.718906642259205,12.281532287597656,1.2262465953826904,0.34650391286108906,1.1392898272739451
105,194,-3.8268268863845716,14.123804092407227,1.3869844675064087,0.48751711071377846,1.04577175122511
106,195,-2.3607589664644513,13.724215507507324,1.1659979820251465,0.4599608209546937,1.4470665872890753
107,196,-0.8847344653032749,16.72060203552246,1.585058331489563,0.25918189943122993,1.1917584234756384
108,197,0.7467988163624071,12.540422439575195,1.141105055809021,0.6577245224801418,1.6486545420531038
109,198,-2.060640963785138,14.710564613342285,1.2541738748550415,0.22178521049263078,1.376392585312286
110,199,-6.3374382978994666,9.974588394165039,0.6240127086639404,0.4323139282850891,1.1977009106616516
111,2,-7.407524516952534,9.650794982910156,0.694219708442688,0.6589426501450891,1.0698528413433992
112,20,-7.195165694492918,6.2152276039123535,0.19694721698760986,0.5003720406999497,1.3699428452167033
113,200,-9.019078371159713,7.110189437866211,0.44084298610687256,0.5442136524155176,1.1846565609384379
114,201,-1.2035614811623763,14.943756103515625,1.1262233257293701,0.23222376403761474,1.017511062823853
115,202,-6.032257265264171,10.442825317382812,0.547995924949646,0.348601364184689,1.504844889258628
116,203,-5.272244326822881,12.074861526489258,0.6524486541748047,0.6012519141318362,1.2617426273597945
117,204,3.416822858019829,14.1094388961792,0.9943567514419556,0.5948824253103661,1.3013441315433059
118,205,-6.532133811063229,10.348119735717773,0.5598636865615845,0.34349536696219274,1.2635969068259232
119,206,1.0712072385847975,13.840271949768066,1.3378229141235352,0.6284471637733169,1.1156757312034702
120,207,-3.908204175102953,14.105615615844727,1.3427588939666748,0.30807178896140924,1.1533362661855462
121,208,4.865152021435421,17.42365074157715,1.9651353359222412,0.5141973906375854,1.5319385927218894
122,209,-8.998356555931373,10.1984281539917,0.6109519004821777,0.42959400480129917,1.1792696430250158
123,21,-8.469722253568559,7.990149021148682,0.5943808555603027,0.678409041652721,1.9999297456840717
124,210,-0.21093091653324691,13.009017944335938,1.1123502254486084,0.33414267006174747,1.5708712169215295
125,211,0.6454352707739446,15.685869216918945,1.8391319513320923,0.21405398100023693,1.1344268919177596
126,212,-4.010671765332704,13.416324615478516,1.3481215238571167,0.4188838131155501,1.33187995094001
127,213,-9.396707700085674,10.704754829406738,0.5617902278900146,0.5540894826477833,1.2754130194060274
128,214,-8.535292554854985,9.619329452514648,0.3720763921737671,0.42901032494174673,1.0693774016998912
129,215,0.30781619842983154,13.191307067871094,1.1405627727508545,0.6569501433264326,1.139253550343615
130,216,0.2796161785775837,16.030424118041992,0.6664646863937378,0.20684953488349572,1.6084316246751633
131,217,-2.875719344848731,10.151909828186035,0.5132836103439331,0.6192801532876206,1.1843904207457072
132,218,2.164086024749709,16.865955352783203,1.9457242488861084,0.2882275485763494,1.0150251990639785
133,219,4.96055243664722,18.636554718017578,1.2553266286849976,0.5644195976992377,1.110776360908772
134,22,-7.956049129363548,6.062412261962891,0.37083113193511963,0.5142552818273822,1.5382810227233465
135,220,1.3138726682749624,13.758875846862793,1.5459975004196167,0.31958757479073047,1.0048806473128007
136,221,3.391631240346129,17.317325592041016,1.7178168296813965,0.4057837570869577,1.0406497405721082
137,222,-5.34353041069815,9.755748748779297,0.9681670665740967,0.25361250681795033,1.2397043861422115
138,223,-3.9814526602155844,11.451531410217285,1.1447523832321167,0.3001484193161755,1.4242250421055223
139,224,-1.2658649201566181,13.331083297729492,1.4169957637786865,0.6449687556824183,1.2353408509382926
140,225,4.21520758857047,16.774581909179688,1.143976092338562,0.5527689878569624,1.2197341199350646
141,226,-3.7617853441281754,14.274799346923828,1.192228078842163,0.2504636876499017,2.475818372435498
142,227,-4.25795633171484,13.201988220214844,0.7520519495010376,0.27883534586223685,1.1480578328580453
143,228,-8.255642329211735,9.294425964355469,0.7840721607208252,0.581421927476477,1.3221963027645425
144,229,3.279175446692605,16.981735229492188,0.7553529739379883,0.3064316945294006,2.013192070283046
145,23,-0.2439746427288938,13.985275268554688,0.8749735355377197,0.3890977514835584,1.390887575810061
146,230,0.4859996796544017,14.686446189880371,1.133533000946045,0.20168698274542185,1.4440957181000578
147,231,2.4669119458339637,15.869621276855469,1.5206105709075928,0.6400072860918435,1.396996318253414
148,232,4.3050912161932295,14.48410701751709,1.266491413116455,0.5881188412887817,1.4906621971669125
149,233,-0.5246225795736201,13.187909126281738,1.3310993909835815,0.59729767484419,1.0062207257788225
150,234,4.995349850014355,18.240137100219727,1.9416117668151855,0.2577538617351767,1.3048316569565237
151,235,-6.640753887814827,9.003273963928223,0.5229729413986206,0.5058527778641027,1.1243290798723347
152,236,4.699091710287158,18.451377868652344,1.764837622642517,0.6238600015028137,1.137626241683813
153,237,-2.788510876246753,11.021671295166016,0.6018269062042236,0.38818435616343494,1.073315490208364
154,238,-0.4346301034601616,12.624369621276855,0.9757897853851318,0.4412552116236015,1.1113976912286978
155,239,2.0140277521024856,16.770631790161133,1.596636414527893,0.5698365720960805,1.1278941972483014
156,24,1.3539869605253543,14.495454788208008,1.2393202781677246,0.35471632054037705,1.1699468222875666
157,240,-5.719582503982516,9.91358757019043,0.23229467868804932,0.32357281888161016,1.0139212623518237
158,241,-4.415356004428256,11.728004455566406,0.545785665512085,0.49595532895346284,1.209368765964785
159,242,0.9758821822165142,17.63758659362793,1.7390694618225098,0.3864369738291271,1.1093596086397597
160,243,-2.34856767268168,10.841104507446289,0.9551535844802856,0.4483334927292246,1.4125974828771592
161,244,-9.839196246236202,7.050115585327148,0.4150564670562744,0.6258030642387964,1.1487819140183066
162,245,-6.117647232682115,9.74535846710205,0.5023657083511353,0.3643568808929025,1.7143901360354745
163,246,-3.2954064564923042,10.880197525024414,0.7802344560623169,0.28033675257925755,1.1929212482501725
164,247,-0.6320527042590225,14.384654998779297,0.9864383935928345,0.4455212895741446,1.446286772836639
165,248,1.3477564416972978,14.212000846862793,1.5768648386001587,0.5344408479224458,1.0810008928734325
166,249,-2.8963505723241596,14.354191780090332,1.028342604637146,0.41661044205281983,1.187327884310379
167,25,-7.975644292975403,10.758687973022461,0.718727707862854,0.5666129798367627,1.172628309339269
168,250,-0.5298452546263235,15.503119468688965,1.5367788076400757,0.3009084722528881,1.1838175701809592
169,251,0.2873328505769699,14.166247367858887,1.1096802949905396,0.647228631649267,1.302577219607485
170,252,-9.121101894838722,5.7551984786987305,0.3918837308883667,0.5561233682540216,2.041436137754691
171,253,-6.669633877369135,9.935399055480957,0.8946214914321899,0.6335930076662549,1.3244048446997376
172,254,-3.973297492521443,11.651063919067383,1.0834739208221436,0.524433180484492,1.0423596369884023
173,255,-0.20351466459445255,11.035213470458984,1.0747101306915283,0.34352819348482966,1.6782460624666407
174,256,0.3361321113308122,15.340120315551758,1.211683750152588,0.6720380590748292,1.2176952680874478
175,257,-1.3676036732986905,13.896103858947754,1.3355016708374023,0.21288856823146507,1.3127896164471453
176,258,-6.743486307927618,10.229987144470215,0.7828292846679688,0.5032105084471756,1.4000719048960388
177,259,-5.620489976980795,13.920709609985352,0.00919044017791748,0.30809232848328355,1.5118541462069666
178,26,-7.510708016623161,8.206754684448242,0.5773464441299438,0.42291752086614753,1.0848789169111186
179,260,-7.0989144946713285,8.487624168395996,0.6675605773925781,0.3464478594709569,1.0428642045871306
180,261,-4.449678139203645,12.383275032043457,0.8061805963516235,0.6107977184824936,1.2992153658844237
181,262,4.298561090896694,18.431413650512695,1.9987800121307373,0.22019780651461318,1.2980757306398325
182,263,-5.51202684662036,12.333517074584961,1.0249112844467163,0.5565951994722111,1.8381964474328152
183,264,-1.1024625744055019,12.479048728942871,0.9308180809020996,0.6138988797149393,1.2346224160367705
184,265,-3.4591256814562685,10.156401634216309,0.8596910238265991,0.6029818466708265,1.364052556285909
185,266,1.063458211131321,12.955757141113281,1.0437264442443848,0.21320504152584935,1.3012298134778753
186,267,0.2097583892758781,15.234074592590332,1.3689510822296143,0.5570523283822864,1.2774527622928125
187,268,-6.744283819137028,7.504016876220703,0.4055866003036499,0.6989024866959606,1.0956746698669828
188,269,-4.996987486571992,9.338964462280273,0.44050025939941406,0.22907914882010622,1.1592325056040835
189,27,1.719158923944045,15.348648071289062,1.3689422607421875,0.2617361644408061,1.7891411576626632
190,270,2.729734396653514,18.323089599609375,1.860951542854309,0.6061038587762204,1.0535671126260409
191,271,-8.294187625908759,7.1956467628479,0.35578882694244385,0.4190689172226578,1.1784015050159198
192,272,-3.734839362233325,13.30284309387207,0.9274349212646484,0.6715333925628919,1.7687541403169116
193,273,1.3166445128280042,16.00568962097168,1.7567722797393799,0.6923701416381389,1.4234094695821755
194,274,4.11968809240094,17.313278198242188,1.8390296697616577,0.4072844635732382,1.1142260301581945
195,275,-0.22884036045902612,17.500091552734375,1.5557656288146973,0.6643209966688607,1.0365825005588445
196,276,4.087814922240048,16.591773986816406,1.571702003479004,0.3229637319542974,1.051083414139945
197,277,-3.5372101345511533,12.656286239624023,1.3728597164154053,0.3058280154555483,1.365863428792459
198,278,1.296524112435348,17.874618530273438,1.75332510471344,0.30344133417766456,1.7783437164048586
199,279,3.2704264537083247,13.387758255004883,1.196436882019043,0.2794358925590976,1.2393194068031892
200,28,-7.205969287453885,11.115886688232422,0.7083687782287598,0.26989131589734155,1.1262529160876178
201,280,1.100912906955287,15.98916244506836,1.4108582735061646,0.2390071849646464,1.0945283292966568
202,281,-5.490743097463373,12.029685020446777,1.3346295356750488,0.2204787682336199,1.083098441271258
203,282,-8.198226490454992,13.191282272338867,-0.09378314018249512,0.24251066610738814,1.1041179658916218
204,283,-5.041656655934025,10.511131286621094,1.0343081951141357,0.5784024432824542,1.3849825368881796
205,284,-8.118454831195864,9.723021507263184,0.6534328460693359,0.27581994809078686,1.22543631316205
206,285,-6.560289342920532,12.909318923950195,1.1910003423690796,0.2530529437019736,1.3644981541618768
207,286,-8.293120614538385,16.155759811401367,1.2698324918746948,0.42862866705402425,1.4590763664525648
208,287,-4.084215542551812,11.816936492919922,0.73157799243927,0.5467447814106543,1.538795462831311
209,288,0.07858104120880327,13.484545707702637,1.58550226688385,0.4361841534829921,1.2101086437994388
210,289,-5.586336679257931,12.905470848083496,0.8099886178970337,0.2906597811605653,1.0022198287697148
211,29,-1.6106047215177703,12.186051368713379,1.2464419603347778,0.5055543719473694,1.4922200501428082
212,290,-0.7188468226229556,15.113937377929688,1.357936143875122,0.27106219628566264,1.1009942123395526
213,291,3.0453135538648386,20.287771224975586,2.172640800476074,0.38596102224092443,1.396236798702292
214,292,2.682626907175214,15.098642349243164,1.0880732536315918,0.36986772910970933,1.1522622693230893
215,293,1.2890121733599464,14.567679405212402,0.9020575284957886,0.6467713236928414,1.0420956595956374
216,294,-2.164119601798462,14.178107261657715,1.1239793300628662,0.4357825248135845,1.8620607738176653
217,295,-3.9921013395759246,13.412619590759277,0.9295878410339355,0.6679908887964097,1.0586515426851717
218,296,2.895003406112288,15.702064514160156,1.7724025249481201,0.3142410745100764,1.208665688592233
219,297,-3.242492768289175,13.144660949707031,1.0607672929763794,0.6722418331684736,1.0607053659760988
220,298,-7.86670507805287,9.6934232711792,0.9825993776321411,0.5706315625296388,1.0446041712040512
221,299,0.8276924822749034,13.956474304199219,1.2644652128219604,0.5668565906746756,1.2222119046132573
222,3,-7.257452153654054,9.328083992004395,0.6686139106750488,0.2089114781589657,1.121353134495891
223,30,-1.2001076939152124,12.12213134765625,0.8965262174606323,0.5715647246961664,1.9062348192461411
224,300,-5.0244783902469194,10.271001815795898,0.7267746925354004,0.34279606160020115,1.0866203579037936
225,301,-9.289690940039918,9.581964492797852,0.7296980619430542,0.4034563871024405,1.1552858964823884
226,302,1.6552912817735184,16.54668617248535,0.19972896575927734,0.3480251162495934,1.1198310123363622
227,303,1.3704077090044784,15.4385347366333,0.6390601396560669,0.32941643383745733,1.3333119964711935
228,304,-8.673322814074366,8.63123607635498,0.28380918502807617,0.33356102570269097,1.322904756629051
229,305,-0.6516586502712922,13.961676597595215,1.1527645587921143,0.6715396624443521,1.3300871008420843
230,306,-3.088733009447192,12.525460243225098,0.9450191259384155,0.512906812108425,1.6568350370881775
231,307,3.4610750458369317,17.54608917236328,1.352304220199585,0.3905590254416422,1.5098184066143383
232,308,-4.855178659406115,12.72935962677002,0.8478355407714844,0.24947802614269643,1.1611528880270023
233,309,-2.315885922769805,12.81757926940918,1.3802404403686523,0.31469195542618233,1.319232930200332
234,31,0.5783843006229894,15.73536205291748,1.774827241897583,0.5382139933675363,1.4750930858399651
235,310,3.3437597471293614,18.45797348022461,1.579002022743225,0.38117698980278647,1.7421168872987758
236,311,-6.814034604503589,7.1390485763549805,0.7340909242630005,0.5654567568928287,1.1486496193253726
237,312,-8.627838255951021,9.255858421325684,0.39872705936431885,0.36429867877042943,1.53799731111254
238,313,-4.9031079998416995,9.969377517700195,0.7727645635604858,0.6511539339104928,1.3492979835010208
239,314,1.3233119214577087,16.35258674621582,1.358205795288086,0.6240398171220218,1.1584566981157043
240,315,0.7519488121282976,16.361528396606445,1.7266712188720703,0.527003245256769,1.5497596536888283
241,316,3.7434542685535455,15.783758163452148,1.7532426118850708,0.5264585321476456,1.23679355581173
242,317,-9.303170033085689,9.71206283569336,0.6275906562805176,0.5379044989583028,1.4300443726357985
243,318,-3.4437426336650487,11.974238395690918,0.8184045553207397,0.6377413540555138,1.2166518904005152
244,319,-8.925227251210385,10.087284088134766,0.6084132194519043,0.2396860560830794,1.2845799179855268
245,32,-7.7162413368439395,12.871160507202148,-0.8687005043029785,0.4810557539699396,1.195231733284529
246,320,-5.899194141827635,13.675117492675781,1.2065757513046265,0.4019530814440262,1.1881720137958347
247,321,3.807135648336807,17.610435485839844,1.6665575504302979,0.4641991385752943,1.5739971129820203
248,322,-4.001343264268201,10.548188209533691,0.5111470222473145,0.6100509582261904,1.3510318478960004
249,323,-3.0496518863604436,13.499728202819824,0.6554467678070068,0.4493763512851966,1.120461857884931
250,324,-0.6114799237129169,14.471820831298828,1.7539225816726685,0.3269443778347464,1.1187548822522926
251,325,-5.778393057746917,8.416644096374512,0.295981764793396,0.6085691021652294,1.12340106458652
252,326,-2.759293575416753,14.2905912399292,1.293129563331604,0.30857703765714944,1.2823125261071993
253,327,1.0877230236706144,18.599903106689453,1.8482786417007446,0.2440403246544363,1.6564498087485187
254,328,0.2560123003765682,18.642101287841797,1.4756615161895752,0.26796984217630676,1.073496513222729
255,329,-9.489445766611077,10.649299621582031,0.5748871564865112,0.40880110628458277,1.2362057420201995
256,33,1.7237659490001693,14.583882331848145,1.2910163402557373,0.6454134339525801,1.023132055500794
257,330,-9.270646319470774,7.934108734130859,0.578235387802124,0.6260178971772259,1.0560478968914262
258,331,-0.5848749262439039,15.950814247131348,1.471205472946167,0.6548215532053089,1.5681713128526347
259,332,-8.892795213920731,7.742183208465576,0.48163068294525146,0.4105309815521704,1.1184610929453174
260,333,-7.204226846322495,10.615294456481934,0.9400160312652588,0.3725810662043505,1.0234870673626684
261,334,-7.976525059534948,9.846577644348145,0.3409968614578247,0.3754906178929194,1.0407763061521824
262,335,0.036778685974205416,13.836256980895996,1.4647830724716187,0.6844807101365282,1.2862798306811183
263,336,-5.404150352060017,12.159965515136719,0.718395471572876,0.590134760381146,1.2362718973534015
264,337,-4.999607885348531,10.505306243896484,1.2015448808670044,0.5414807813202366,1.3787517045697133
265,338,1.7887402408846569,15.523845672607422,1.653888463973999,0.3961979745996036,1.195085576186673
266,339,-1.5852094073429779,9.427363395690918,0.9880445003509521,0.2835102474768547,1.2775071051171691
267,34,0.9232433311929498,18.24791145324707,1.5787841081619263,0.4977102039473703,1.4167857200364942
268,340,0.8948836120500516,16.751270294189453,1.9692615270614624,0.40416724335757603,1.3594994993144798
269,341,-4.719836676467822,10.493860244750977,-0.016698360443115234,0.6534246558817043,1.4744522938825657
270,342,-7.667835668630783,9.069836616516113,0.562226414680481,0.36683120648703216,1.3139757734082762
271,343,3.079850040022807,18.96660041809082,1.466626524925232,0.6556307576576543,1.2099835140252662
272,344,-0.6128981501630157,6.603134632110596,0.6964187622070312,0.5698372581670963,1.3948242221042464
273,345,2.6469240980896913,15.35576343536377,1.7658995389938354,0.3827600328148675,1.670701755511333
274,346,-0.4278558977817557,17.461835861206055,1.3725115060806274,0.32318468152403457,1.6343704139937465
275,347,-5.710306721148156,11.497259140014648,1.3359194993972778,0.25844954995363484,1.0998822358982248
276,348,-4.421792749636284,10.909637451171875,0.9899909496307373,0.4134989824740676,1.1440584405894543
277,349,-0.552449325187677,12.147897720336914,0.7749344110488892,0.46238360768975745,1.0888803051030673
278,35,-8.28182245582563,6.502580165863037,0.4646329879760742,0.6722545275836209,1.3183408689758669
279,350,-3.579398647960738,9.788287162780762,0.6130239963531494,0.5637135975111521,1.3115709644752909
280,351,-0.6273898666900202,15.151545524597168,1.4809210300445557,0.3750956234999008,1.1761035434255565
281,352,-7.2509647961915995,9.66734790802002,0.6316545009613037,0.46087495690760394,2.2019325056006025
282,353,-9.937992132342695,4.249886512756348,0.1720273494720459,0.6116352611110907,1.5164893224505138
283,354,-5.937781232782683,8.831975936889648,0.37214040756225586,0.4202509091348874,1.6455071465955624
284,355,-5.724464434408143,11.455682754516602,0.7618240118026733,0.24685866147771668,1.031097854787627
285,356,-7.317549732314909,9.529695510864258,0.7505908012390137,0.43986995841100984,1.1475071377233597
286,357,-3.0786680982107137,12.088635444641113,1.11222505569458,0.4271490206069375,1.5151062755795952
287,358,1.5296633259458634,15.68808364868164,1.5801169872283936,0.5072653704485206,1.0936710489095138
288,359,-6.273936528669557,10.994800567626953,0.8840506076812744,0.35262659314717393,1.43117036163311
289,36,-6.907612665416849,8.306877136230469,0.5380628108978271,0.4316553458551544,1.031766186572636
290,360,-3.3592434547039716,12.468005180358887,0.9154459238052368,0.45864253257929444,1.4344263552759398
291,361,-3.6940172954909425,13.299426078796387,1.9621278047561646,0.23290820009134772,1.778247051376034
292,362,2.651549077313126,17.68511962890625,1.5961157083511353,0.6780965999761597,1.0633220312629754
293,363,-2.3667880690637144,12.884868621826172,1.1367475986480713,0.25696300745451023,1.2391428855915845
294,364,-9.258235978656927,8.465178489685059,0.5469869375228882,0.2709179848960346,2.024944405424036
295,365,-8.130961491248367,8.101452827453613,0.6389673948287964,0.6021088531485349,1.1061343934763705
296,366,-6.296537679784826,13.370354652404785,-0.09805679321289062,0.5139590237817471,2.007528113953881
297,367,-6.517678302359611,12.853413581848145,1.172845482826233,0.2943363324216624,1.6500077342909427
298,368,-4.8350880336427515,12.548521995544434,0.9153310060501099,0.35198797381627644,1.0355809726814793
299,369,-7.036000833256262,5.735679626464844,0.2139875888824463,0.2094354011868007,1.3143102165176508
300,37,-4.923692716597332,11.738166809082031,0.8629224300384521,0.6115996394328587,1.029859597876511
301,370,-5.370583802887055,8.500995635986328,0.6437289714813232,0.39721851523123997,1.2648785944476573
302,371,-1.864181403505457,15.675653457641602,1.3221337795257568,0.45657233006628617,1.001826367144262
303,372,2.50705054410685,17.029132843017578,1.730420470237732,0.3626838042560935,2.1925223948349006
304,373,-0.44771813556448237,15.669458389282227,1.6853424310684204,0.3124308083965824,1.1188062759456843
305,374,1.9101057649498792,15.564728736877441,1.935060977935791,0.5215302721578008,1.3667284654669445
306,375,2.5980293118255524,16.542917251586914,1.70284903049469,0.42035389731170836,1.8077316408318216
307,376,-1.8767617709521662,14.40817928314209,0.4081650972366333,0.42992573307274295,1.1944144295986379
308,377,-2.659205445859227,12.781428337097168,1.1647276878356934,0.26535967889349255,1.0881053378402696
309,378,-6.678604332461529,12.231362342834473,0.8087530136108398,0.5348009638102805,1.0406718516555382
310,379,4.3695174939017285,16.625381469726562,1.7796350717544556,0.5336066850634388,1.6009012902915807
311,38,-7.990288766872552,10.5807523727417,0.9842842817306519,0.6011255354721856,1.0704755653878377
312,380,1.922423278615387,14.104196548461914,1.5494023561477661,0.25797245295320204,1.1326338617503684
313,381,-9.223737802732998,12.803923606872559,0.6405893564224243,0.4773843015728169,1.2897586403194112
314,382,4.805484370703592,17.994047164916992,1.827149748802185,0.6582645618759058,2.0268786039556046
315,383,-7.961930467272499,13.110358238220215,1.0660487413406372,0.20966188900955357,1.3812229422955402
316,384,2.2259692163740805,15.597609519958496,1.3019462823867798,0.5849654142569423,1.264014906871659
317,385,-7.38044854812251,9.792342185974121,0.89159095287323,0.48995044582384817,1.2089475116746276
318,386,-3.9710829304688016,12.143115997314453,0.723869800567627,0.5487471233944535,1.1713984485586402
319,387,-6.217766210658192,8.851186752319336,0.5025718212127686,0.6967106754415202,1.0352184597083707
320,388,-8.942156356342522,7.015654563903809,0.284030556678772,0.36456705181789817,1.0702940661409095
321,389,4.9868716267735635,16.50083351135254,1.4655673503875732,0.6826270309969071,1.3843583245456572
322,39,-3.5879725870066785,13.668181419372559,1.0863909721374512,0.4345087305235724,1.1077305865236518
323,390,-3.683389741336039,10.477141380310059,0.7254678010940552,0.6979310085593466,1.9937549708712226
324,391,-3.120187038329842,12.744686126708984,1.1755610704421997,0.48366876495589756,1.3429602668767429
325,392,-6.07763014873596,10.248222351074219,0.9773180484771729,0.29005653305635654,1.0299249236630896
326,393,-7.814472487315104,5.514701843261719,0.34920501708984375,0.4350268909729549,1.999858623321924
327,394,3.7292899692781294,18.772872924804688,1.6045434474945068,0.4007712434522839,1.1623015961199532
328,395,4.451978957406935,15.714664459228516,1.48043692111969,0.3724875013889174,1.1886697195907752
329,396,-8.950706958850084,10.501114845275879,0.7464100122451782,0.26415733099406286,1.1377009432999066
330,397,-6.182989985170437,11.899057388305664,0.7454311847686768,0.49461616293124006,1.226136686818635
331,398,-4.911293164123017,12.57065200805664,0.8377243280410767,0.36501131241576135,1.0366374675904395
332,399,2.953929051446856,15.66176986694336,1.4112370014190674,0.3909734856293776,1.3616316259164611
333,4,-6.890213479855598,12.85477352142334,0.942903995513916,0.30971576119093785,1.3373048854843799
334,40,-6.8925538024188375,9.141267776489258,0.804623007774353,0.5444153486535914,1.499710456165035
335,400,-1.855652412739225,14.967751502990723,1.2203001976013184,0.6515135460345773,1.1643491756806894
336,401,0.9399781366969648,14.763618469238281,0.8450132608413696,0.5057614788941296,2.362263558270644
337,402,0.8595189693693861,16.297073364257812,0.9683430194854736,0.5492593460734103,1.2428975607991886
338,403,1.8406189429691278,14.530990600585938,1.5115052461624146,0.3308800610464956,1.1512788705083958
339,404,-4.593366108314754,9.271074295043945,0.8740612268447876,0.39465651468693175,1.0025729657914073
340,405,-9.247814438895425,7.563830375671387,0.2745351791381836,0.2223442843363847,1.2421451811576523
341,406,-3.061171833938136,12.637479782104492,1.0990629196166992,0.2532044261239281,1.4995892132753181
342,407,-0.037593426415295284,13.168261528015137,1.4263771772384644,0.5819387915509351,1.566413572005566
343,408,-2.1724394190753546,11.625066757202148,1.3451051712036133,0.4078301265280704,1.0487322118766733
344,409,-2.9874257363224856,13.417430877685547,1.0762794017791748,0.3229407509753487,1.1164701028059285
345,41,1.3778341315546108,17.105161666870117,0.7162890434265137,0.35308962962929047,1.2995801103340243
346,410,2.463129259970101,16.364227294921875,1.6134963035583496,0.29470035911134335,1.1378462221526047
347,411,1.8595753126205459,14.553328514099121,1.5718824863433838,0.6387040159496015,1.155877322761251
348,412,-7.148747340052382,15.299043655395508,0.4153294563293457,0.6748985606882786,1.11202696135801
349,413,-8.839013420733,9.169927597045898,0.5808260440826416,0.30859522339297685,1.8488012727426832
350,414,-3.066671225652982,12.046513557434082,0.9667094945907593,0.6804243179274436,1.6340932544806204
351,415,0.9638143065602289,16.886810302734375,1.7139946222305298,0.6956794717310153,1.3932439718163565
352,416,-9.649128295682688,10.190701484680176,0.873638391494751,0.3110909503641138,1.2316847036700163
353,417,4.342690414646881,17.2387752532959,1.598549485206604,0.5061441565890732,1.1096709656693955
354,418,-2.9477730787431886,16.38848304748535,1.195968747138977,0.637126777184306,1.3713375908295098
355,419,-2.6197607936101672,11.121475219726562,0.804273247718811,0.5602143144001888,1.1079962019191765
356,42,-9.954215161824996,8.184311866760254,0.5075514316558838,0.6663132252291222,1.9073333388804616
357,420,-2.0152516519670263,14.89951229095459,0.7413403987884521,0.4077670116163208,1.2825207646011478
358,421,-6.333277196689886,7.913685321807861,0.773992657661438,0.2297751287329437,1.0615368847725262
359,422,2.7352566564317,17.023456573486328,1.972505807876587,0.38388037419844456,1.233360711096351
360,423,-1.9448748825268893,14.405678749084473,0.8870128393173218,0.3940558361052412,1.595987897919023
361,424,0.05255295154686834,11.182792663574219,1.2844957113265991,0.4712929416191391,1.4232215933079562
362,425,1.9982397557715394,14.023151397705078,1.1592178344726562,0.6610981380012313,1.1370111396795441
363,426,-3.746816369257722,11.599966049194336,1.4192628860473633,0.3149420530332414,1.121052524782304
364,427,-4.641579103275327,13.582769393920898,1.197330355644226,0.41616316165643397,1.049549251550202
365,428,4.8737224246130815,21.061548233032227,1.6629202365875244,0.45578291320105774,1.1050520345298431
366,429,-7.448167026141426,11.585083961486816,0.9524456262588501,0.42064710797859295,1.0000282576223363
367,43,-3.370951387861999,10.600390434265137,1.038853645324707,0.4030013970575732,1.2399170989060737
368,430,-6.73389720782299,8.61553955078125,0.589531421661377,0.4203682094271257,1.3299269610474045
369,431,-8.601444143421016,5.828887939453125,0.42659246921539307,0.4329457870337088,1.1301688468689073
370,432,-5.603534083529821,12.11091136932373,0.9741764068603516,0.6396368291857095,1.023000643132981
371,433,3.1763790352167867,18.3634090423584,2.0316240787506104,0.20424645737309904,1.1303054178413476
372,434,0.8383528033805039,13.746386528015137,1.2598778009414673,0.24570191793892998,1.5426829118612897
373,435,-5.083036898467482,9.905877113342285,0.6706409454345703,0.32061536849595934,1.2926940333107673
374,436,-4.421816714593228,14.662638664245605,1.07192862033844,0.3532437579534605,1.4303597485001003
375,437,-0.35021713868040116,13.257073402404785,1.242301344871521,0.6745209749258447,1.0114400493661393
376,438,3.5421317004366024,16.00890350341797,1.1455886363983154,0.5670557560239002,1.2832928828610914
377,439,-4.6197866012663455,10.729487419128418,1.269822597503662,0.43292474378930657,1.3723293597051667
378,44,-5.872334161473983,10.531549453735352,0.9348310232162476,0.22688694471061877,1.596700379669287
379,440,4.567314780433621,17.53759765625,2.0299792289733887,0.6754628403506566,1.0912410562062438
380,441,-2.260857888232647,13.843530654907227,1.4143377542495728,0.30008815871604555,1.282492896467056
381,442,-9.595029822362322,9.097565650939941,0.5932978391647339,0.21947776684459902,1.220976864371558
382,443,0.024241618166104928,14.548722267150879,1.2254371643066406,0.24684331941155951,1.282091998306454
383,444,-6.410514244606916,10.296911239624023,0.765688419342041,0.492753537197711,1.3356223888713536
384,445,-7.869361592628919,6.850705146789551,0.473010778427124,0.5695902986311183,1.1248546460047972
385,446,-8.077800888090103,7.532931327819824,0.4338102340698242,0.28540833735107557,1.0848105676867792
386,447,-9.5557443621469,10.234416961669922,0.4619711637496948,0.2979656608317431,1.1450022968249316
387,448,-6.908053217897356,8.578451156616211,0.48512983322143555,0.5058253405044295,1.0939108114379614
388,449,-5.159727810121567,11.492349624633789,0.9291503429412842,0.5991078111565313,1.2919445040055426
389,45,-4.756863537839263,13.271615028381348,1.0500802993774414,0.2013751892638247,1.0137391827165008
390,450,-7.920178639460314,8.974237442016602,0.4083946943283081,0.37396373092014246,1.5140109693813066
391,451,2.9167157461327484,16.726627349853516,1.7435377836227417,0.4009959563418275,1.210001566716036
392,452,-8.040392549417366,9.511819839477539,0.607466459274292,0.5308563593791749,1.701574056170835
393,453,-6.539782960985061,8.735602378845215,0.6083475351333618,0.6747486863796787,1.0966503251002218
394,454,0.16609839107937674,13.244051933288574,1.2500795125961304,0.40743510935223637,1.3668166608700265
395,455,-3.3234315439001554,13.21037483215332,1.121078610420227,0.2081893575415616,1.045112925959513
396,456,0.03977886955889254,15.662928581237793,1.051473617553711,0.4634988001540052,1.00445301664196
397,457,-3.0393055626236842,11.319108963012695,1.1447020769119263,0.270849819307755,1.1384166040155879
398,458,-0.323134864517705,14.613402366638184,1.3675414323806763,0.3422946829255955,1.1108466666924084
399,459,1.1401588575304675,16.61244010925293,1.560674786567688,0.27927037815672706,1.1582663061681537
400,46,-4.812912796418693,9.48017692565918,0.4587864875793457,0.3325450991383472,1.0650941165592598
401,460,-0.5258908293145872,10.628214836120605,0.7031420469284058,0.517741366160925,2.5239991323291386
402,461,3.7160012385787144,18.016977310180664,1.8428839445114136,0.27240206794476507,1.1991083328069745
403,462,-8.551432818504075,9.869685173034668,0.5346788167953491,0.27859190948440055,1.0352734372748864
404,463,-7.365147138547287,7.976602077484131,0.7288031578063965,0.6831321625728541,1.066387519463258
405,464,-5.91955989312971,11.790018081665039,1.1378849744796753,0.3937612739058556,1.474960122626042
406,465,-1.2754513354853554,13.238845825195312,0.9758691787719727,0.6625524062919388,1.097347135074139
407,466,-0.9590889209010918,12.56368637084961,1.0070401430130005,0.6414149481613534,1.8148826266317688
408,467,-3.037185771210707,12.662389755249023,0.9278357028961182,0.523082111170907,1.431432465400141
409,468,-0.48664833594382095,15.285259246826172,1.4986242055892944,0.5381373040223211,1.2337460469574506
410,469,-7.41565879123417,7.253415584564209,0.5107426643371582,0.65914569546622,1.206689929086525
411,47,-5.0567944203419595,12.595183372497559,0.3680001497268677,0.41099061900006206,1.2009698389623138
412,470,-9.233119018002657,9.389578819274902,0.8536486625671387,0.30982283281961515,1.0542546720753527
413,471,-8.517983144649818,9.854484558105469,0.6236966848373413,0.5489358154951229,1.3357838628861984
414,472,-2.3586983668737194,12.695953369140625,1.0860477685928345,0.3989863283858853,1.1531116282301974
415,473,3.1308745431868257,19.726837158203125,1.6299800872802734,0.6200591505824067,1.1088599398896772
416,474,3.0783053353356067,18.11882781982422,1.972775936126709,0.4881381034230607,1.837233743442521
417,475,-8.339177005427992,9.962239265441895,0.8279151916503906,0.3026311503481942,1.0550204453577843
418,476,2.2288969760157418,17.009708404541016,1.8385734558105469,0.20959608804912505,1.909784209368281
419,477,2.022700691609206,18.525293350219727,1.8831021785736084,0.30728143020525944,1.0257252915733612
420,478,-6.256495990554625,12.342044830322266,1.180290699005127,0.22929300423548626,1.0005842531157199
421,479,-0.4394768339027131,14.509521484375,1.323864221572876,0.25217982969893815,1.4965773540278253
422,48,1.194215554482522,16.69801139831543,1.4605953693389893,0.2262050506893553,1.7685992324832511
423,480,0.47693619078508576,14.440071105957031,1.6914879083633423,0.3223581059633736,1.2834824314164053
424,481,2.5228099133108532,18.29241180419922,1.6140491962432861,0.3747064482677489,1.074556225279888
425,482,0.4764017066337285,14.6139497756958,1.3033360242843628,0.4055246125142815,1.354465637218529
426,483,-2.167107366090555,10.898380279541016,1.2404167652130127,0.6798524720214063,1.3000310300137474
427,484,-3.8637737349237344,13.01319408416748,1.0494498014450073,0.39333820310597656,1.6099988951073132
428,485,-5.559659426769565,10.343811988830566,1.0302432775497437,0.5799791564275883,1.3472282805885245
429,486,-5.743780806569415,9.354286193847656,0.39546120166778564,0.6266835147602453,1.0004972107096586
430,487,-4.010260821142268,12.094162940979004,1.1591219902038574,0.24918560039236165,1.1266693882157603
431,488,1.2217969247719758,16.20500373840332,1.4031085968017578,0.436125388308791,1.7076756949433982
432,489,-9.243305465333027,9.379598617553711,0.5411232709884644,0.3074349660499819,1.791023219499904
433,49,1.551539781465637,14.460314750671387,0.9244647026062012,0.4213230903119233,1.167751841806691
434,490,-9.684229549496337,9.525715827941895,0.5715318918228149,0.30337055582386185,1.1225558297519949
435,491,-5.471768386784698,8.381882667541504,0.42111968994140625,0.6628389899442437,1.3499971987015351
436,492,-9.562440445361746,6.6408185958862305,0.4374852180480957,0.26476585049633733,1.5150013710777868
437,493,-1.1946845168415106,14.541595458984375,1.4720301628112793,0.2155772292553958,1.197719900049757
438,494,-4.882573738235708,10.327766418457031,0.3691420555114746,0.23113765028444694,1.5617172818172251
439,495,1.0040382170365394,16.672473907470703,1.6320348978042603,0.457212574803891,1.1535270005852396
440,496,2.1193988045478402,17.60393714904785,2.0825536251068115,0.5049224697526515,1.012872082258682
441,497,-9.688416998190318,5.763177871704102,0.4365807771682739,0.3521312736557646,2.0630276097775107
442,498,-1.8595432385994677,14.541831970214844,1.235215663909912,0.22261492071411537,1.2967494344405974
443,499,3.5209803314892287,18.03656005859375,1.9491629600524902,0.20098656281359967,1.013470034681089
444,5,-2.090235272637183,16.040002822875977,0.9176148176193237,0.22390304617097523,1.3789828562182331
445,50,0.9970930140205834,17.957618713378906,1.8943243026733398,0.5542471439691126,1.1739039392333963
446,500,-7.441909701342239,10.545514106750488,0.6178520917892456,0.5878581120002774,1.042249597685582
447,501,-6.273707446221657,8.026973724365234,0.49714839458465576,0.6331615075611268,1.1293801911028551
448,502,-8.065035756569872,9.040681838989258,-0.0005702972412109375,0.4724477112084332,1.5176628857305823
449,503,-4.836250310933648,11.017998695373535,0.6750149726867676,0.6547209005824963,1.3413159277496711
450,504,1.3660296430666339,17.787126541137695,1.8443320989608765,0.4633953267695548,1.1813473965673027
451,505,-4.755756292389889,12.36743450164795,1.1274253129959106,0.699885594306408,1.1449772672423761
452,506,-6.135162492274402,10.110851287841797,1.0336095094680786,0.2054945658647191,1.4077363803141747
453,507,-7.487115521653883,11.020181655883789,0.6401529312133789,0.6461263050702911,1.3778609937066335
454,508,-0.6149628972194243,17.23322868347168,1.1041784286499023,0.6173710341149303,1.438682464360888
455,509,-1.7361709636606086,10.38268756866455,0.674262285232544,0.2777619187552702,1.1340168679471065
456,51,-5.2818409902124595,11.036465644836426,1.1784400939941406,0.604398228480814,1.1951795466654087
457,510,2.77876935240411,17.513242721557617,1.604095697402954,0.48748380976259276,1.572318457982836
458,511,-5.371768871772415,13.75760269165039,1.1955821514129639,0.28291696752639484,1.8932993595202061
459,512,4.373097317378814,15.726397514343262,1.513179898262024,0.23438201401971853,1.5416221832863086
460,513,3.9585313683100516,16.62481689453125,1.6560710668563843,0.26535858504925863,1.065172831872649
461,514,-1.2685086127590406,16.993528366088867,1.2362984418869019,0.3331161315811727,1.1001278495144198
462,515,3.7036593048872426,14.511058807373047,1.182694673538208,0.3433293390334867,1.0962589068993367
463,516,-8.736699925043759,5.8674397468566895,0.39206385612487793,0.4068549952252717,1.0130877139278314
464,517,4.299808508169971,17.721622467041016,0.5984785556793213,0.20950935563912482,1.2625024304256045
465,518,3.3657066757003555,15.807324409484863,1.4431636333465576,0.4568849131507002,1.3751836748212671
466,519,0.49836369519055346,17.18867301940918,1.3459081649780273,0.3174941282052399,1.065881882918243
467,52,-3.240041413220723,11.986433982849121,0.32495713233947754,0.5389248796542971,1.4328098137476797
468,520,2.0430157208648083,15.306506156921387,1.5162618160247803,0.5156446798930607,1.1493281008641745
469,521,-7.443166391155874,11.03465461730957,0.6781318187713623,0.284483609576266,1.3187008580298174
470,522,-8.336857085813323,11.929369926452637,0.8781164884567261,0.40748281443158907,1.4141227575477342
471,523,1.399532427247948,15.191068649291992,1.3166555166244507,0.310760896078415,1.3396941550476902
472,524,-9.882875664700205,7.2241692543029785,0.5142347812652588,0.6514139400120256,1.3261684878005877
473,525,-4.321311520008837,12.267745971679688,0.9518338441848755,0.30508603504023957,1.6023067306590784
474,526,-1.4006822939649766,14.986879348754883,1.2721624374389648,0.37513416173366954,1.3778714053803456
475,527,4.042858264573429,15.785359382629395,1.4781584739685059,0.4618653207524498,1.3396015508358954
476,528,-6.399592424662464,11.090486526489258,0.6860313415527344,0.5642293646472532,1.157418402532786
477,529,-3.70434624308417,13.357539176940918,0.921423077583313,0.47687459813430366,1.3455755015317337
478,53,1.0685695885148512,16.020198822021484,1.3777003288269043,0.5959325169936154,1.3057715612286427
479,530,-0.5225401499072255,14.916243553161621,1.3432371616363525,0.45527481522098323,2.327204701368288
480,531,1.266055079095219,17.113893508911133,1.7433807849884033,0.5334037689904194,1.1430595716369516
481,532,0.245207442718554,17.29281234741211,1.6515861749649048,0.23205704010082706,1.242336438162508
482,533,-2.8995026354819817,12.736328125,0.7234280109405518,0.2491776353200273,1.2517900401308066
483,534,-6.797417348566979,11.942127227783203,0.6688113212585449,0.439619043831065,1.1716174235213879
484,535,0.07186726115502395,15.643210411071777,1.5201002359390259,0.29897579317353024,1.2842856523430248
485,536,-8.795037732447854,10.736498832702637,0.9568928480148315,0.4391705361412319,1.2336800078651127
486,537,-8.988750840224059,8.79321002960205,0.7638065814971924,0.5137573019349769,1.6272861263404466
487,538,-1.5556101748459294,13.434245109558105,1.3061151504516602,0.5818937221071343,1.0526035630086552
488,539,-4.077802821810572,11.573878288269043,1.3576618432998657,0.5908006129395973,1.173090932343646
489,54,-9.951904009506764,8.767221450805664,0.3770996332168579,0.6537316441431711,1.4398209672409705
490,540,0.8641067307531181,14.35057258605957,1.425223708152771,0.23785779769882154,1.0400142724723458
491,541,-4.299146790743034,13.523391723632812,1.2037726640701294,0.29015875768584,1.1494044139556618
492,542,-2.5788289525029064,12.463976860046387,1.1226153373718262,0.5867361057333559,1.2741766275668809
493,543,-9.85806839097946,6.584212779998779,0.4046722650527954,0.43139844606990063,1.710537129492279
494,544,-3.380963625588996,12.58665657043457,1.2478384971618652,0.29122123674528844,1.019240982104781
495,545,3.3487336835654133,15.569376945495605,1.9626712799072266,0.683854819845674,1.0272637519719203
496,546,-0.8789221555494162,14.146461486816406,1.3865480422973633,0.3839506593786254,1.4234414220833207
497,547,-2.3750526231353835,16.508527755737305,1.091430902481079,0.5866009370326417,1.2284352450882252
498,548,2.312071887451303,16.945178985595703,1.5502718687057495,0.6526244253199791,1.3650527817506968
499,549,1.810917492276868,18.552486419677734,1.470805048942566,0.29621869630462994,1.041186241077037
500,55,2.640788548372166,14.216963768005371,1.4594810009002686,0.3091258932556662,1.0675126599208502
501,550,0.19309148845256807,16.176082611083984,1.3928184509277344,0.49935952031841996,1.0803532364352817
502,551,4.196035771585082,15.75939655303955,1.5922211408615112,0.3369562655967544,1.0515977670748966
503,552,-7.325283970759782,9.165301322937012,0.5411010980606079,0.5215826815954268,1.0652116134591565
504,553,-1.1800308220057687,13.09225845336914,1.2927892208099365,0.6648676605012911,1.3696703849287852
505,554,0.16966148997699548,14.548246383666992,1.5193623304367065,0.6565980686949118,1.0440486887795544
506,555,-1.684771422493606,11.355002403259277,1.1848938465118408,0.6973427286012868,1.9303298095832013
507,556,-8.195480992121901,8.08223819732666,0.7532868385314941,0.5115202567141998,1.4910588046790714
508,557,-6.9160353438282804,11.770234107971191,1.0345433950424194,0.3888108883138447,1.0369605337147134
509,558,-1.66644117168598,12.511994361877441,1.257173776626587,0.4426425852510283,1.1895775248623817
510,559,-3.1130196308084166,12.469339370727539,1.0758519172668457,0.5348615659732538,1.1513665421273245
511,56,-7.5465767895144475,11.76895523071289,0.8957412242889404,0.4495622085971007,1.1769477587141615
512,560,4.40206276002816,16.055112838745117,1.721940517425537,0.3544543250829463,1.001388097960345
513,561,1.2875824569180736,16.6219539642334,0.7274582386016846,0.654201899583436,1.0505694754663206
514,562,-2.1977119953642434,11.534173965454102,1.1147671937942505,0.3812537408783534,1.0606255484420701
515,563,3.6204560021293535,16.993412017822266,1.7822813987731934,0.474519898871691,1.045389707353924
516,564,-4.557364589025655,14.75268840789795,1.2657966613769531,0.5341760660543211,1.4192027094077855
517,565,0.8627140228440862,15.037312507629395,0.9331375360488892,0.5254226014940638,1.0934422637425751
518,566,-5.800900446611786,11.05053997039795,0.800870418548584,0.2806371631521726,1.0664947711129578
519,567,-7.184324941594911,10.350874900817871,0.6491373777389526,0.46641103644860205,1.0292274573281752
520,568,-1.7956655178787777,12.997635841369629,0.7951815128326416,0.4958336108361026,1.7171636789094138
521,569,3.6302612615832217,16.303407669067383,1.4430660009384155,0.6864745728963209,1.1023048257110954
522,57,2.0158775369969586,17.33614730834961,1.7282119989395142,0.3388432111734727,1.2566759520755364
523,570,1.0019203264961085,14.748123168945312,0.49398624897003174,0.45101550738972446,1.9775465650291337
524,571,2.9198337585415235,17.440303802490234,1.1506081819534302,0.6725399865943353,1.8975122406349798
525,572,-3.721668327684373,12.387825965881348,0.8566712141036987,0.48198545757423317,1.349340643205738
526,573,-4.067165824279017,12.707473754882812,0.844205379486084,0.6375771045971999,1.032213734322819
527,574,2.7091342868026356,14.233220100402832,1.4261176586151123,0.5014937387825138,1.0458497564587097
528,575,2.4052377713079593,16.55628776550293,1.838884711265564,0.24899471927214756,1.7708333347307998
529,576,4.307623415967461,16.958866119384766,1.3990973234176636,0.39396427964606073,1.5775490426616416
530,577,-9.981630774235533,7.666788578033447,-0.0019053220748901367,0.6488355590491899,1.59027633855181
531,578,3.534877251653203,20.278390884399414,1.9796736240386963,0.23759068594787963,1.0521969831177629
532,579,2.1175058643211404,15.976322174072266,1.245845079421997,0.3278932233123626,1.1317199872001729
533,58,-9.320396334614728,9.70180892944336,-1.6124136447906494,0.25525266291306553,1.271588449246193
534,580,-8.088696415949942,8.428858757019043,0.4254777431488037,0.2764977164881863,1.5228624324010713
535,581,-5.323706788478316,11.131354331970215,0.7745151519775391,0.2514768988813895,1.149935796628491
536,582,-3.876871162664851,11.260189056396484,0.8427075147628784,0.3402243745054032,1.2928433109909814
537,583,-5.964252585485635,11.728631973266602,0.9773050546646118,0.2868695330075838,1.4340053504565624
538,584,-4.150351214762208,13.021251678466797,0.8372056484222412,0.25356945589731933,1.0715346799526362
539,585,1.101593738307315,13.503238677978516,0.9320734739303589,0.2918606531901885,1.775780231072546
540,586,-8.14207230715009,6.828700542449951,0.4280468225479126,0.24451497313544396,1.0397851928067987
541,587,-3.1414332699913885,11.054460525512695,1.0210732221603394,0.5390564870055656,1.2086333787565524
542,588,4.609484648816931,18.918827056884766,2.072939872741699,0.24795592971977426,1.0510858533619976
543,589,-1.667337142326902,11.73598575592041,0.710627555847168,0.25585460925610326,1.8516640367031012
544,59,4.747253648594874,18.18927574157715,1.6200504302978516,0.4747200558843825,1.17474087938825
545,590,-1.6664403129587697,15.740653991699219,1.026787281036377,0.6858126870236841,1.0959457626636573
546,591,1.4072480848513784,18.836273193359375,2.080014705657959,0.6657492541112913,1.0324817500258405
547,592,4.97981145785128,20.47525405883789,1.9297014474868774,0.5937409694624006,1.4361558945058048
548,593,-6.856253060320826,11.043176651000977,0.8215638399124146,0.5134805119821813,1.1005678822549927
549,594,-1.413362830162658,8.379719734191895,0.6774992942810059,0.24377866638344975,1.1922623590767027
550,595,-6.330112147156602,10.711955070495605,0.6166661977767944,0.4529525942455863,1.6658636072833286
551,596,-1.4280917441838366,13.481549263000488,1.275681495666504,0.22735695922764598,1.6896940889299725
552,597,3.146957543965902,15.836974143981934,1.4930671453475952,0.48380903174256606,2.2391183622218502
553,598,-3.1105095811897847,11.193977355957031,0.9301352500915527,0.6015546325584913,1.1512035143180814
554,599,-1.3468425247751021,14.563368797302246,1.5295658111572266,0.3967686578025855,1.2384858183177716
555,6,-3.0071693606296517,13.50781536102295,1.031180739402771,0.502277960792211,1.110679550932081
556,60,1.1015305844400718,15.967495918273926,1.491382360458374,0.22707986640206013,1.563676147146218
557,600,-1.4718325231376603,14.472739219665527,0.9465914964675903,0.492729982049721,1.0541508401504982
558,61,-2.208511800634138,11.549516677856445,0.8741374015808105,0.6072859155331429,1.593969720694281
559,62,-3.7996328851232004,12.264262199401855,1.0247735977172852,0.4641383383276795,1.8353417220033228
560,63,2.592822170697607,16.241897583007812,1.111188292503357,0.6666567953997566,1.2446441593198185
561,64,0.0179250277408034,14.97646427154541,1.436923623085022,0.48990625467872456,1.7860286679867925
562,65,-9.716568281141067,7.980566024780273,0.9588937759399414,0.4756170131118668,1.915081845893169
563,66,-5.667660612160242,14.060489654541016,1.6384539604187012,0.29723660257534235,1.0629819738186443
564,67,-7.070718905168993,10.855792999267578,0.9095427989959717,0.34188634888482783,1.4559671167388304
565,68,3.90649468334248,18.22440528869629,1.8760813474655151,0.2961555618901098,1.1306255390605648
566,69,-1.3338755646297962,14.51095199584961,1.091611623764038,0.34561908405333,1.311659843845364
567,7,3.711523842343645,17.009675979614258,1.4221007823944092,0.6443109838567032,1.0626800839040982
568,70,-1.8672016300597214,14.540823936462402,1.2264198064804077,0.3340645770764361,1.103643981522838
569,71,-7.695409942738717,10.618715286254883,0.9714555740356445,0.2183221138445356,1.528902389205639
570,72,-7.201463842806216,9.602068901062012,0.9984952211380005,0.42400517150265904,1.9119568849155406
571,73,3.9454845097382467,17.206220626831055,1.6946370601654053,0.5655888804017987,1.109777615168297
572,74,-4.7071000845648205,10.460526466369629,0.7036564350128174,0.3653071321469824,1.013988334319997
573,75,-9.928403935892492,6.8590593338012695,0.7886068820953369,0.21814764257319974,1.1858993680622996
574,76,4.054338174356822,14.710027694702148,1.6029422283172607,0.5017417820218035,1.5207720802751525
575,77,4.990903063874969,17.160324096679688,2.006701946258545,0.2544528814781658,1.2510744722627596
576,78,-9.205470084136445,9.99666976928711,-0.15591859817504883,0.6513463299038741,1.083599697726031
577,79,-8.745046205247583,10.822676658630371,0.6430624723434448,0.4168577197700205,2.0463817776573996
578,8,-2.8196618761697447,12.428666114807129,0.7362138032913208,0.22363497175997638,1.226697464826913
579,80,-6.036445364509433,11.46104907989502,0.6319223642349243,0.2594998636493628,1.0441552718335187
580,81,-2.2332174503978823,15.34857177734375,1.1641528606414795,0.4332620045369783,1.0660780217316344
581,82,-2.0537206286932994,13.963497161865234,1.3831357955932617,0.40808992541153366,1.0454020705409268
582,83,-0.6149362018458202,14.657206535339355,1.2163565158843994,0.5374562642999154,1.0866628216617387
583,84,-2.0981279495552005,11.932486534118652,0.7331920862197876,0.25817655321413957,1.1886186469834465
584,85,-4.670487682850424,13.040679931640625,1.0540355443954468,0.45430883219073137,1.5963761883522098
585,86,-4.686546125547942,13.060091018676758,1.2199996709823608,0.3906508585989945,1.2097141817174455
586,87,-3.2306713584329847,14.90673542022705,0.9893825054168701,0.5622362088553323,1.0819513882274783
587,88,-4.646059943156754,12.17505168914795,1.0121498107910156,0.44351074284143643,1.4713091894428796
588,89,-3.815332744652535,10.097867012023926,0.7653313875198364,0.23011958226125834,1.1731973983809618
589,90,-9.623821726421466,7.280961513519287,0.555294394493103,0.5516091281804649,1.0215085032732307
590,91,-3.829456023981985,13.762210845947266,1.1571341753005981,0.3083318415090586,1.0011646409550852
591,92,-3.5800724038760956,16.388914108276367,1.5926142930984497,0.3153077213062409,1.0989432158312669
592,93,2.838564304120954,16.19066047668457,1.8428643941879272,0.6393205347721793,1.550318874484926
593,94,-3.848019629669361,12.977715492248535,1.4150773286819458,0.6507928899076731,1.4189113058472622
